open_time,close_time,open,high,low,close,volume,quote_volume,count,taker_buy_volume,taker_buy_quote_volume,price_change_pct
2018-02-19 00:00:00.000000,2018-02-19 09:00:00.000000,11966000.00000000,12663000.00000000,11862000.00000000,12649000.00000000,1519084802135,278412584740.43640000,22700.15187526,11966000.00000000,683000.00000000,0.05707839
2018-02-20 00:00:00.000000,2018-02-20 09:00:00.000000,12649000.00000000,14149000.00000000,12645000.00000000,13548000.00000000,1519171202070,547143024491.79083000,41015.58477391,12649000.00000000,899000.00000000,0.07107281
2018-02-21 00:00:00.000000,2018-02-21 09:00:00.000000,13542000.00000000,13650000.00000000,12411000.00000000,12815000.00000000,1519257602795,492964886432.19590000,37637.76832665,13548000.00000000,-733000.00000000,-0.05410393
2018-02-22 00:00:00.000000,2018-02-22 09:00:00.000000,12823000.00000000,13031000.00000000,11660000.00000000,11763000.00000000,1519344002915,454695464304.42505000,37219.85617238,12815000.00000000,-1052000.00000000,-0.08209130
2018-02-23 00:00:00.000000,2018-02-23 09:00:00.000000,11761000.00000000,12170000.00000000,11271000.00000000,12065000.00000000,1519430402780,365496367275.31226000,31053.11554548,11763000.00000000,302000.00000000,0.02567372
2018-02-24 00:00:00.000000,2018-02-24 09:00:00.000000,12065000.00000000,12359000.00000000,11281000.00000000,11553000.00000000,1519516801194,257929366922.33112000,21762.37417394,12065000.00000000,-512000.00000000,-0.04243680
2018-02-25 00:00:00.000000,2018-02-25 09:00:00.000000,11553000.00000000,11613000.00000000,10805000.00000000,11230000.00000000,1519603202566,185760963538.68570000,16499.63847015,11553000.00000000,-323000.00000000,-0.02795811
2018-02-26 00:00:00.000000,2018-02-26 09:00:00.000000,11230000.00000000,11884000.00000000,10828000.00000000,11773000.00000000,1519689602848,276455308845.72000000,24307.10812212,11230000.00000000,543000.00000000,0.04835263
2018-02-27 00:00:00.000000,2018-02-27 09:00:00.000000,11778000.00000000,12165000.00000000,11463000.00000000,11951000.00000000,1519776003191,244517108299.52618000,20616.46007981,11773000.00000000,178000.00000000,0.01511934
2018-02-28 00:00:00.000000,2018-02-28 09:00:00.000000,11957000.00000000,12405000.00000000,11777000.00000000,11860000.00000000,1519862403088,254046612860.76138000,21114.42802459,11952000.00000000,-92000.00000000,-0.00769746
2018-03-01 00:00:00.000000,2018-03-01 09:00:00.000000,11865000.00000000,12250000.00000000,11603000.00000000,12214000.00000000,1519948802102,248835909818.77716000,20882.28518046,11860000.00000000,354000.00000000,0.02984823
2018-03-02 00:00:00.000000,2018-03-02 09:00:00.000000,12214000.00000000,12581000.00000000,12123000.00000000,12465000.00000000,1520035202367,295637064034.31880000,23945.11755659,12214000.00000000,251000.00000000,0.02055019
2018-03-03 00:00:00.000000,2018-03-03 09:00:00.000000,12465000.00000000,12831000.00000000,12347000.00000000,12831000.00000000,1520121603164,228965630025.49286000,18163.17519084,12465000.00000000,366000.00000000,0.02936221
2018-03-04 00:00:00.000000,2018-03-04 09:00:00.000000,12831000.00000000,12840000.00000000,12255000.00000000,12592000.00000000,1520208002519,201340229993.18277000,16125.74325513,12831000.00000000,-239000.00000000,-0.01862676
2018-03-05 00:00:00.000000,2018-03-05 09:00:00.000000,12592000.00000000,12899000.00000000,12451000.00000000,12746000.00000000,1520294402879,175702590360.74634000,13919.50036247,12592000.00000000,154000.00000000,0.01222999
2018-03-06 00:00:00.000000,2018-03-06 09:00:00.000000,12745000.00000000,12746000.00000000,11900000.00000000,12023000.00000000,1520380803191,185315323122.34424000,15007.19978396,12746000.00000000,-723000.00000000,-0.05672368
2018-03-07 00:00:00.000000,2018-03-07 09:00:00.000000,12023000.00000000,12221000.00000000,10900000.00000000,11200000.00000000,1520467202038,337512805826.04443000,29131.72046073,12023000.00000000,-823000.00000000,-0.06845213
2018-03-08 00:00:00.000000,2018-03-08 09:00:00.000000,11200000.00000000,11347000.00000000,10473000.00000000,10517000.00000000,1520553603175,232885684468.13763000,21348.23284178,11200000.00000000,-683000.00000000,-0.06098214
2018-03-09 00:00:00.000000,2018-03-09 09:00:00.000000,10519000.00000000,10644000.00000000,9306000.00000000,10418000.00000000,1520640003243,359087978449.79450000,36119.23291786,10517000.00000000,-99000.00000000,-0.00941333
2018-03-10 00:00:00.000000,2018-03-10 09:00:00.000000,10418000.00000000,10537000.00000000,9802000.00000000,9863000.00000000,1520726402650,173993980170.12576000,16901.37796780,10418000.00000000,-555000.00000000,-0.05327318
2018-03-11 00:00:00.000000,2018-03-11 09:00:00.000000,9863000.00000000,10636000.00000000,9552000.00000000,10520000.00000000,1520812803112,222910153569.97626000,22131.28254155,9863000.00000000,657000.00000000,0.06661259
2018-03-12 00:00:00.000000,2018-03-12 09:00:00.000000,10519000.00000000,10879000.00000000,9895000.00000000,10213000.00000000,1520899203134,243013316061.00055000,23224.57971188,10520000.00000000,-307000.00000000,-0.02918251
2018-03-13 00:00:00.000000,2018-03-13 09:00:00.000000,10213000.00000000,10355000.00000000,9900000.00000000,10168000.00000000,1520985603228,163563552693.13174000,16134.01453460,10213000.00000000,-45000.00000000,-0.00440615
2018-03-14 00:00:00.000000,2018-03-14 09:00:00.000000,10167000.00000000,10265000.00000000,9000000.00000000,9153000.00000000,1521072000537,188527487356.70460000,19491.85046288,10168000.00000000,-1015000.00000000,-0.09982297
2018-03-15 00:00:00.000000,2018-03-15 09:00:00.000000,9141000.00000000,9300000.00000000,8438000.00000000,9115000.00000000,1521158398414,249635075454.09210000,28078.89544603,9153000.00000000,-38000.00000000,-0.00415164
2018-03-16 00:00:00.000000,2018-03-16 09:00:00.000000,9115000.00000000,9310000.00000000,8763000.00000000,9095000.00000000,1521244804532,132742166404.73773000,14610.88215893,9115000.00000000,-20000.00000000,-0.00219419
2018-03-17 00:00:00.000000,2018-03-17 09:00:00.000000,9095000.00000000,9150000.00000000,8521000.00000000,8667000.00000000,1521331203641,85560272227.02300000,9640.05582315,9095000.00000000,-428000.00000000,-0.04705882
2018-03-19 00:00:00.000000,2018-03-19 09:00:00.000000,9018000.00000000,9755000.00000000,8870000.00000000,9718000.00000000,1521504003732,245419472243.30940000,26470.16482589,9018000.00000000,700000.00000000,0.07762253
2018-03-20 00:00:00.000000,2018-03-20 09:00:00.000000,9718000.00000000,9996000.00000000,9160000.00000000,9829000.00000000,1521590403360,196491719564.26718000,20520.44702784,9718000.00000000,111000.00000000,0.01142210
2018-03-21 00:00:00.000000,2018-03-21 09:00:00.000000,9826000.00000000,10165000.00000000,9738000.00000000,9919000.00000000,1521676803858,165715121214.27365000,16611.83303474,9829000.00000000,90000.00000000,0.00915658
2018-03-22 00:00:00.000000,2018-03-22 09:00:00.000000,9919000.00000000,10050000.00000000,9505000.00000000,9783000.00000000,1521763203582,127016149438.50511000,12988.83698289,9919000.00000000,-136000.00000000,-0.01371106
2018-03-23 00:00:00.000000,2018-03-23 09:00:00.000000,9779000.00000000,9850000.00000000,9253000.00000000,9847000.00000000,1521849603529,142667325470.46442000,15006.67818287,9783000.00000000,64000.00000000,0.00654196
2018-03-24 00:00:00.000000,2018-03-24 09:00:00.000000,9847000.00000000,10000000.00000000,9550000.00000000,9580000.00000000,1521936002531,165029218994.35327000,16804.40574510,9847000.00000000,-267000.00000000,-0.02711486
2018-03-25 00:00:00.000000,2018-03-25 09:00:00.000000,9580000.00000000,9649000.00000000,9408000.00000000,9477000.00000000,1522022401505,105095192622.35017000,11031.07579798,9580000.00000000,-103000.00000000,-0.01075157
2018-03-26 00:00:00.000000,2018-03-26 09:00:00.000000,9480000.00000000,9570000.00000000,8801000.00000000,9052000.00000000,1522108801885,127581011940.66682000,13942.96366853,9477000.00000000,-425000.00000000,-0.04484542
2018-03-27 00:00:00.000000,2018-03-27 09:00:00.000000,9054000.00000000,9141000.00000000,8520000.00000000,8651000.00000000,1522195202845,125080254901.64694000,14209.63715070,9052000.00000000,-401000.00000000,-0.04429960
2018-03-28 00:00:00.000000,2018-03-28 09:00:00.000000,8651000.00000000,8886000.00000000,8560000.00000000,8730000.00000000,1522281604169,86802477741.02734000,9953.72999980,8651000.00000000,79000.00000000,0.00913189
2018-03-29 00:00:00.000000,2018-03-29 09:00:00.000000,8730000.00000000,8766000.00000000,7780000.00000000,7915000.00000000,1522368003136,151238051477.14026000,18276.83128802,8730000.00000000,-815000.00000000,-0.09335624
2018-03-30 00:00:00.000000,2018-03-30 09:00:00.000000,7911000.00000000,8090000.00000000,7431000.00000000,7602000.00000000,1522454403865,164045187614.09030000,21297.75214749,7915000.00000000,-313000.00000000,-0.03954517
2018-03-31 00:00:00.000000,2018-03-31 09:00:00.000000,7602000.00000000,7934000.00000000,7540000.00000000,7697000.00000000,1522540804153,100867346789.22931000,13024.44541947,7602000.00000000,95000.00000000,0.01249671
2018-04-01 00:00:00.000000,2018-04-01 09:00:00.000000,7688000.00000000,7774000.00000000,7087000.00000000,7482000.00000000,1522627204113,122342431083.24059000,16446.53644957,7697000.00000000,-215000.00000000,-0.02793296
2018-04-02 00:00:00.000000,2018-04-02 09:00:00.000000,7486000.00000000,7851000.00000000,7390000.00000000,7710000.00000000,1522713602549,120687120257.72769000,15765.52176574,7482000.00000000,228000.00000000,0.03047314
2018-04-03 00:00:00.000000,2018-04-03 09:00:00.000000,7713000.00000000,8175000.00000000,7643000.00000000,8092000.00000000,1522800003226,167328191097.50308000,21006.76635312,7710000.00000000,382000.00000000,0.04954604
2018-04-04 00:00:00.000000,2018-04-04 09:00:00.000000,8091000.00000000,8120000.00000000,7403000.00000000,7492000.00000000,1522886404185,131238696808.84602000,16809.36722484,8092000.00000000,-600000.00000000,-0.07414731
2018-04-05 00:00:00.000000,2018-04-05 09:00:00.000000,7492000.00000000,7834000.00000000,7188000.00000000,7408000.00000000,1522972804139,242670189046.28610000,32381.00201758,7492000.00000000,-84000.00000000,-0.01121196
2018-04-06 00:00:00.000000,2018-04-06 09:00:00.000000,7408000.00000000,7488000.00000000,7125000.00000000,7280000.00000000,1523059202461,68879512444.37962000,9428.54399951,7408000.00000000,-128000.00000000,-0.01727862
2018-04-07 00:00:00.000000,2018-04-07 09:00:00.000000,7277000.00000000,7673000.00000000,7232000.00000000,7533000.00000000,1523145601845,91234343725.51886000,12182.38138020,7280000.00000000,253000.00000000,0.03475275
2018-04-08 00:00:00.000000,2018-04-08 09:00:00.000000,7533000.00000000,7657000.00000000,7480000.00000000,7622000.00000000,1523232003148,88577530197.90446000,11679.05867346,7533000.00000000,89000.00000000,0.01181468
2018-04-09 00:00:00.000000,2018-04-09 09:00:00.000000,7621000.00000000,7752000.00000000,7290000.00000000,7450000.00000000,1523318404631,126574227027.07414000,16765.03922053,7622000.00000000,-172000.00000000,-0.02256626
2018-04-10 00:00:00.000000,2018-04-10 09:00:00.000000,7449000.00000000,7468000.00000000,7263000.00000000,7428000.00000000,1523404803114,90344438501.36398000,12263.52284750,7450000.00000000,-22000.00000000,-0.00295302
2018-04-11 00:00:00.000000,2018-04-11 09:00:00.000000,7428000.00000000,7483000.00000000,7351000.00000000,7429000.00000000,1523491204318,96697377105.59875000,13067.55564243,7428000.00000000,1000.00000000,0.00013463
2018-04-12 00:00:00.000000,2018-04-12 09:00:00.000000,7432000.00000000,8280000.00000000,7200000.00000000,8121000.00000000,1523577604223,316269494560.45420000,40389.83330536,7429000.00000000,692000.00000000,0.09314847
2018-04-13 00:00:00.000000,2018-04-13 09:00:00.000000,8125000.00000000,8625000.00000000,7925000.00000000,8375000.00000000,1523664004449,247054211917.69547000,29730.02055218,8121000.00000000,254000.00000000,0.03127694
2018-04-14 00:00:00.000000,2018-04-14 09:00:00.000000,8375000.00000000,8575000.00000000,8120000.00000000,8350000.00000000,1523750404190,156797203424.59860000,18691.42301782,8375000.00000000,-25000.00000000,-0.00298507
2018-04-15 00:00:00.000000,2018-04-15 09:00:00.000000,8349000.00000000,8710000.00000000,8250000.00000000,8663000.00000000,1523836802988,131664347777.28394000,15472.99524881,8350000.00000000,313000.00000000,0.03748503
2018-04-16 00:00:00.000000,2018-04-16 09:00:00.000000,8665000.00000000,8840000.00000000,8449000.00000000,8663000.00000000,1523923204766,148012520660.67407000,17194.39323556,8663000.00000000,0.00000000,0.00000000
2018-04-17 00:00:00.000000,2018-04-17 09:00:00.000000,8663000.00000000,8704000.00000000,8360000.00000000,8450000.00000000,1524009604922,211660883356.34955000,24694.92021697,8663000.00000000,-213000.00000000,-0.02458733
2018-04-18 00:00:00.000000,2018-04-18 09:00:00.000000,8450000.00000000,8679000.00000000,8445000.00000000,8652000.00000000,1524096005221,177084737091.46255000,20637.87689360,8450000.00000000,202000.00000000,0.02390533
2018-04-19 00:00:00.000000,2018-04-19 09:00:00.000000,8652000.00000000,8999000.00000000,8601000.00000000,8994000.00000000,1524182405060,253644393790.00677000,28767.85905612,8652000.00000000,342000.00000000,0.03952843
2018-04-20 00:00:00.000000,2018-04-20 09:00:00.000000,8994000.00000000,9666000.00000000,8710000.00000000,9552000.00000000,1524268804742,232623032866.62310000,25528.47959504,8994000.00000000,558000.00000000,0.06204136
2018-04-21 00:00:00.000000,2018-04-21 09:00:00.000000,9552000.00000000,9845000.00000000,9285000.00000000,9735000.00000000,1524355205371,177162045379.61438000,18553.75599688,9552000.00000000,183000.00000000,0.01915829
2018-04-22 00:00:00.000000,2018-04-22 09:00:00.000000,9735000.00000000,9757000.00000000,9500000.00000000,9602000.00000000,1524441605310,121047685659.18740000,12583.32708627,9735000.00000000,-133000.00000000,-0.01366204
2018-04-23 00:00:00.000000,2018-04-23 09:00:00.000000,9602000.00000000,9771000.00000000,9530000.00000000,9760000.00000000,1524528004979,124792552711.50038000,12885.92089887,9602000.00000000,158000.00000000,0.01645491
2018-04-24 00:00:00.000000,2018-04-24 09:00:00.000000,9758000.00000000,10670000.00000000,9730000.00000000,10505000.00000000,1524614405450,235821532415.81827000,23344.48403280,9760000.00000000,745000.00000000,0.07633197
2018-04-25 00:00:00.000000,2018-04-25 09:00:00.000000,10505000.00000000,10755000.00000000,9723000.00000000,9829000.00000000,1524700805614,262214242080.33646000,25689.72597052,10505000.00000000,-676000.00000000,-0.06435031
2018-04-26 00:00:00.000000,2018-04-26 09:00:00.000000,9829000.00000000,10508000.00000000,9510000.00000000,10130000.00000000,1524787205255,218685659196.67456000,22295.30584657,9829000.00000000,301000.00000000,0.03062366
2018-04-27 00:00:00.000000,2018-04-27 09:00:00.000000,10130000.00000000,10200000.00000000,9778000.00000000,9819000.00000000,1524873605421,176388411503.23834000,17528.43197899,10130000.00000000,-311000.00000000,-0.03070089
2018-04-28 00:00:00.000000,2018-04-28 09:00:00.000000,9821000.00000000,10118000.00000000,9750000.00000000,10043000.00000000,1524960005292,121743481137.66089000,12164.64763884,9819000.00000000,224000.00000000,0.02281291
2018-04-29 00:00:00.000000,2018-04-29 09:00:00.000000,10043000.00000000,10256000.00000000,9894000.00000000,10187000.00000000,1525046403000,150206350508.26474000,14834.01522815,10043000.00000000,144000.00000000,0.01433835
2018-04-30 00:00:00.000000,2018-04-30 09:00:00.000000,10187000.00000000,10292000.00000000,9934000.00000000,10138000.00000000,1525132804146,150445687889.79968000,14851.10015753,10187000.00000000,-49000.00000000,-0.00481005
2018-05-01 00:00:00.000000,2018-05-01 09:00:00.000000,10135000.00000000,10144000.00000000,9740000.00000000,9896000.00000000,1525219198776,152795886765.37103000,15399.91370228,10138000.00000000,-242000.00000000,-0.02387059
2018-05-02 00:00:00.000000,2018-05-02 09:00:00.000000,9896000.00000000,10078000.00000000,9811000.00000000,10032000.00000000,1525305605739,117882417036.41240000,11828.98111498,9896000.00000000,136000.00000000,0.01374293
2018-05-03 00:00:00.000000,2018-05-03 09:00:00.000000,10032000.00000000,10785000.00000000,10010000.00000000,10683000.00000000,1525392004403,208675848181.56223000,20391.11856627,10032000.00000000,651000.00000000,0.06489234
2018-05-04 00:00:00.000000,2018-05-04 09:00:00.000000,10670000.00000000,10901000.00000000,10500000.00000000,10645000.00000000,1525478404448,133814513969.93172000,12582.44048262,10683000.00000000,-38000.00000000,-0.00355705
2018-05-05 00:00:00.000000,2018-05-05 09:00:00.000000,10645000.00000000,10907000.00000000,10621000.00000000,10820000.00000000,1525564804485,103069640740.38638000,9581.87522246,10645000.00000000,175000.00000000,0.01643964
2018-05-06 00:00:00.000000,2018-05-06 09:00:00.000000,10820000.00000000,10963000.00000000,10500000.00000000,10684000.00000000,1525651205843,94436279577.79558000,8806.00591903,10820000.00000000,-136000.00000000,-0.01256932
2018-05-07 00:00:00.000000,2018-05-07 09:00:00.000000,10684000.00000000,10721000.00000000,10264000.00000000,10422000.00000000,1525737604866,84745378279.00043000,8143.48490464,10684000.00000000,-262000.00000000,-0.02452265
2018-05-08 00:00:00.000000,2018-05-08 09:00:00.000000,10439000.00000000,10499000.00000000,10130000.00000000,10233000.00000000,1525824006169,78939835695.70612000,7651.23404175,10422000.00000000,-189000.00000000,-0.01813472
2018-05-09 00:00:00.000000,2018-05-09 09:00:00.000000,10230000.00000000,10433000.00000000,9917000.00000000,10405000.00000000,1525910406426,101378937934.76323000,9955.39479461,10233000.00000000,172000.00000000,0.01680837
2018-05-10 00:00:00.000000,2018-05-10 09:00:00.000000,10405000.00000000,10474000.00000000,9895000.00000000,9976000.00000000,1525996806325,93275451569.68932000,9077.78269458,10405000.00000000,-429000.00000000,-0.04123018
2018-05-11 00:00:00.000000,2018-05-11 09:00:00.000000,9976000.00000000,9985000.00000000,8788000.00000000,9256000.00000000,1526083205908,199207644320.68726000,20997.66993227,9976000.00000000,-720000.00000000,-0.07217322
2018-05-12 00:00:00.000000,2018-05-12 09:00:00.000000,9257000.00000000,9644000.00000000,9014000.00000000,9481000.00000000,1526169606411,102591046951.76130000,10980.18990988,9256000.00000000,225000.00000000,0.02430856
2018-05-13 00:00:00.000000,2018-05-13 09:00:00.000000,9480000.00000000,9851000.00000000,9360000.00000000,9803000.00000000,1526256004669,81838304671.07578000,8513.44899868,9481000.00000000,322000.00000000,0.03396266
2018-05-14 00:00:00.000000,2018-05-14 09:00:00.000000,9804000.00000000,9935000.00000000,9400000.00000000,9797000.00000000,1526342406131,124034606903.58357000,12813.13382791,9803000.00000000,-6000.00000000,-0.00061206
2018-05-15 00:00:00.000000,2018-05-15 09:00:00.000000,9802000.00000000,9879000.00000000,9458000.00000000,9500000.00000000,1526428806285,80714050266.32450000,8325.82703617,9797000.00000000,-297000.00000000,-0.03031540
2018-05-16 00:00:00.000000,2018-05-16 09:00:00.000000,9500000.00000000,9542000.00000000,9015000.00000000,9297000.00000000,1526515206097,113015017992.22574000,12218.79341156,9500000.00000000,-203000.00000000,-0.02136842
2018-05-17 00:00:00.000000,2018-05-17 09:00:00.000000,9297000.00000000,9390000.00000000,9020000.00000000,9090000.00000000,1526601605246,63909130322.47995000,6921.98679007,9297000.00000000,-207000.00000000,-0.02226525
2018-05-18 00:00:00.000000,2018-05-18 09:00:00.000000,9072000.00000000,9186000.00000000,8881000.00000000,9165000.00000000,1526688006777,53233771175.10834000,5904.08097087,9090000.00000000,75000.00000000,0.00825083
2018-05-19 00:00:00.000000,2018-05-19 09:00:00.000000,9165000.00000000,9299000.00000000,9068000.00000000,9112000.00000000,1526774404048,57548357609.80020000,6285.06750236,9165000.00000000,-53000.00000000,-0.00578287
2018-05-20 00:00:00.000000,2018-05-20 09:00:00.000000,9112000.00000000,9398000.00000000,9051000.00000000,9370000.00000000,1526860804898,45169962150.05477000,4901.03255016,9112000.00000000,258000.00000000,0.02831431
2018-05-21 00:00:00.000000,2018-05-21 09:00:00.000000,9370000.00000000,9439000.00000000,9279000.00000000,9345000.00000000,1526947189831,44399589675.22824000,4741.95012493,9370000.00000000,-25000.00000000,-0.00266809
2018-05-22 00:00:00.000000,2018-05-22 09:00:00.000000,9345000.00000000,9356000.00000000,8931000.00000000,8940000.00000000,1527033606115,45871812674.70519000,4999.60324703,9345000.00000000,-405000.00000000,-0.04333868
2018-05-23 00:00:00.000000,2018-05-23 09:00:00.000000,8940000.00000000,9020000.00000000,8433000.00000000,8483000.00000000,1527120005790,71269244524.02399000,8085.05320980,8940000.00000000,-457000.00000000,-0.05111857
2018-05-24 00:00:00.000000,2018-05-24 09:00:00.000000,8483000.00000000,8767000.00000000,8185000.00000000,8415000.00000000,1527206406397,73928834982.35529000,8771.34270455,8483000.00000000,-68000.00000000,-0.00801603
2018-05-25 00:00:00.000000,2018-05-25 09:00:00.000000,8415000.00000000,8480000.00000000,8180000.00000000,8317000.00000000,1527292804940,35876549723.33502000,4317.19540355,8415000.00000000,-98000.00000000,-0.01164587
2018-05-26 00:00:00.000000,2018-05-26 09:00:00.000000,8317000.00000000,8420000.00000000,8122000.00000000,8162000.00000000,1527379203064,25693093104.70130000,3099.59149706,8317000.00000000,-155000.00000000,-0.01863653
2018-05-27 00:00:00.000000,2018-05-27 09:00:00.000000,8162000.00000000,8216000.00000000,8040000.00000000,8182000.00000000,1527465603465,21410944206.51575000,2635.09988761,8162000.00000000,20000.00000000,0.00245038
2018-05-28 00:00:00.000000,2018-05-28 09:00:00.000000,8182000.00000000,8261000.00000000,7858000.00000000,7903000.00000000,1527552006168,47889340053.91693000,5922.32658056,8182000.00000000,-279000.00000000,-0.03409924
2018-05-29 00:00:00.000000,2018-05-29 09:00:00.000000,7903000.00000000,8360000.00000000,7813000.00000000,8299000.00000000,1527638404407,54079954310.94927000,6682.61704253,7903000.00000000,396000.00000000,0.05010755
2018-05-30 00:00:00.000000,2018-05-30 09:00:00.000000,8300000.00000000,8436000.00000000,8100000.00000000,8207000.00000000,1527724801437,56062998960.04118000,6755.11057646,8299000.00000000,-92000.00000000,-0.01108567
2018-05-31 00:00:00.000000,2018-05-31 09:00:00.000000,8198000.00000000,8375000.00000000,8110000.00000000,8282000.00000000,1527811206423,41199561908.61046000,4978.12880286,8207000.00000000,75000.00000000,0.00913854
2018-06-01 00:00:00.000000,2018-06-01 09:00:00.000000,8278000.00000000,8370000.00000000,8139000.00000000,8282000.00000000,1527897602585,30985647855.54400000,3751.37371919,8282000.00000000,0.00000000,0.00000000
2018-06-02 00:00:00.000000,2018-06-02 09:00:00.000000,8282000.00000000,8425000.00000000,8211000.00000000,8339000.00000000,1527984005184,29631281616.29864000,3557.44198334,8282000.00000000,57000.00000000,0.00688240
2018-06-03 00:00:00.000000,2018-06-03 09:00:00.000000,8338000.00000000,8443000.00000000,8297000.00000000,8419000.00000000,1528070405805,31491017081.69533000,3755.93937776,8339000.00000000,80000.00000000,0.00959348
2018-06-04 00:00:00.000000,2018-06-04 09:00:00.000000,8419000.00000000,8477000.00000000,8206000.00000000,8248000.00000000,1528156803977,30073576203.69768000,3615.54200858,8419000.00000000,-171000.00000000,-0.02031120
2018-06-05 00:00:00.000000,2018-06-05 09:00:00.000000,8241000.00000000,8400000.00000000,8130000.00000000,8360000.00000000,1528243202543,30574008152.55060000,3715.39795807,8248000.00000000,112000.00000000,0.01357905
2018-06-06 00:00:00.000000,2018-06-06 09:00:00.000000,8359000.00000000,8400000.00000000,8208000.00000000,8359000.00000000,1528329606482,27751918926.98776000,3334.03058018,8360000.00000000,-1000.00000000,-0.00011962
2018-06-07 00:00:00.000000,2018-06-07 09:00:00.000000,8358000.00000000,8490000.00000000,8330000.00000000,8375000.00000000,1528415997870,28772117046.82323000,3432.43923415,8359000.00000000,16000.00000000,0.00191410
2018-06-08 00:00:00.000000,2018-06-08 09:00:00.000000,8375000.00000000,8385000.00000000,8268000.00000000,8341000.00000000,1528502405960,22361068528.87662000,2685.93901923,8375000.00000000,-34000.00000000,-0.00405970
2018-06-09 00:00:00.000000,2018-06-09 09:00:00.000000,8341000.00000000,8370000.00000000,8205000.00000000,8233000.00000000,1528588803021,13807141637.38603000,1658.39383848,8341000.00000000,-108000.00000000,-0.01294809
2018-06-10 00:00:00.000000,2018-06-10 09:00:00.000000,8233000.00000000,8247000.00000000,7425000.00000000,7576000.00000000,1528675205979,58198185181.56478000,7445.15112262,8233000.00000000,-657000.00000000,-0.07980080
2018-06-11 00:00:00.000000,2018-06-11 09:00:00.000000,7576000.00000000,7662000.00000000,7362000.00000000,7635000.00000000,1528761605772,32342844908.58467000,4309.23098600,7576000.00000000,59000.00000000,0.00778775
2018-06-12 00:00:00.000000,2018-06-12 09:00:00.000000,7635000.00000000,7685000.00000000,7270000.00000000,7350000.00000000,1528848005793,37952946026.02549000,5044.24648135,7635000.00000000,-285000.00000000,-0.03732809
2018-06-13 00:00:00.000000,2018-06-13 09:00:00.000000,7350000.00000000,7390000.00000000,6951000.00000000,7040000.00000000,1528934404786,35453527846.16827000,4943.24050185,7350000.00000000,-310000.00000000,-0.04217687
2018-06-14 00:00:00.000000,2018-06-14 09:00:00.000000,7039000.00000000,7380000.00000000,6977000.00000000,7355000.00000000,1529020804801,46891272332.02168000,6511.94704630,7040000.00000000,315000.00000000,0.04474432
2018-06-15 00:00:00.000000,2018-06-15 09:00:00.000000,7363000.00000000,7399000.00000000,7151000.00000000,7180000.00000000,1529107200867,24092415996.67304000,3302.08916025,7355000.00000000,-175000.00000000,-0.02379334
2018-06-16 00:00:00.000000,2018-06-16 09:00:00.000000,7180000.00000000,7336000.00000000,7116000.00000000,7277000.00000000,1529193603343,14662383632.77435000,2031.22860933,7180000.00000000,97000.00000000,0.01350975
2018-06-17 00:00:00.000000,2018-06-17 09:00:00.000000,7275000.00000000,7329000.00000000,7206000.00000000,7218000.00000000,1529279998160,10927666173.81766000,1502.42292843,7277000.00000000,-59000.00000000,-0.00810774
2018-06-18 00:00:00.000000,2018-06-18 09:00:00.000000,7231000.00000000,7550000.00000000,7135000.00000000,7461000.00000000,1529366405600,22285457937.49410000,3050.85296824,7218000.00000000,243000.00000000,0.03366584
2018-06-19 00:00:00.000000,2018-06-19 09:00:00.000000,7461000.00000000,7649000.00000000,7370000.00000000,7553000.00000000,1529452796384,28804682229.34449000,3830.01250877,7461000.00000000,92000.00000000,0.01233079
2018-06-20 00:00:00.000000,2018-06-20 09:00:00.000000,7553000.00000000,7594000.00000000,7110000.00000000,7538000.00000000,1529539203584,42569533207.24383000,5808.17313215,7553000.00000000,-15000.00000000,-0.00198597
2018-06-21 00:00:00.000000,2018-06-21 09:00:00.000000,7538000.00000000,7580000.00000000,7445000.00000000,7511000.00000000,1529625604638,23106255437.47773000,3078.51433366,7538000.00000000,-27000.00000000,-0.00358185
2018-06-22 00:00:00.000000,2018-06-22 09:00:00.000000,7511000.00000000,7537000.00000000,6870000.00000000,6962000.00000000,1529712001168,49553362438.12265000,6852.56894387,7511000.00000000,-549000.00000000,-0.07309280
2018-06-23 00:00:00.000000,2018-06-23 09:00:00.000000,6965000.00000000,7100000.00000000,6845000.00000000,7030000.00000000,1529798404937,21493652923.16193000,3078.68993934,6962000.00000000,68000.00000000,0.00976731
2018-06-24 00:00:00.000000,2018-06-24 09:00:00.000000,7030000.00000000,7144000.00000000,6622000.00000000,6992000.00000000,1529884802507,36910107013.78230000,5399.26649924,7030000.00000000,-38000.00000000,-0.00540541
2018-06-25 00:00:00.000000,2018-06-25 09:00:00.000000,6985000.00000000,7129000.00000000,6861000.00000000,7036000.00000000,1529971204427,30892837730.05834000,4418.75854986,6992000.00000000,44000.00000000,0.00629291
2018-06-26 00:00:00.000000,2018-06-26 09:00:00.000000,7034000.00000000,7070000.00000000,6861000.00000000,6900000.00000000,1530057602744,21953994618.78506000,3141.53841943,7036000.00000000,-136000.00000000,-0.01932916
2018-06-27 00:00:00.000000,2018-06-27 09:00:00.000000,6894000.00000000,6970000.00000000,6830000.00000000,6925000.00000000,1530144004497,21055052322.02451000,3051.01947771,6900000.00000000,25000.00000000,0.00362319
2018-06-28 00:00:00.000000,2018-06-28 09:00:00.000000,6925000.00000000,6965000.00000000,6649000.00000000,6682000.00000000,1530230404899,18234794914.82239000,2655.94861923,6925000.00000000,-243000.00000000,-0.03509025
2018-06-29 00:00:00.000000,2018-06-29 09:00:00.000000,6671000.00000000,7078000.00000000,6590000.00000000,6958000.00000000,1530316800017,24293395792.72123000,3607.75854253,6682000.00000000,276000.00000000,0.04130500
2018-06-30 00:00:00.000000,2018-06-30 09:00:00.000000,6958000.00000000,7290000.00000000,6950000.00000000,7164000.00000000,1530403203921,37267746906.35908000,5213.79828927,6958000.00000000,206000.00000000,0.02960621
2018-07-01 00:00:00.000000,2018-07-01 09:00:00.000000,7164000.00000000,7212000.00000000,7002000.00000000,7109000.00000000,1530489604308,22440527345.26462000,3151.10448153,7164000.00000000,-55000.00000000,-0.00767728
2018-07-02 00:00:00.000000,2018-07-02 09:00:00.000000,7109000.00000000,7358000.00000000,7024000.00000000,7297000.00000000,1530576003697,42865998436.10013000,5925.85399143,7109000.00000000,188000.00000000,0.02644535
2018-07-03 00:00:00.000000,2018-07-03 09:00:00.000000,7289000.00000000,7399000.00000000,7231000.00000000,7298000.00000000,1530662402963,38445121264.07016000,5239.81753579,7297000.00000000,1000.00000000,0.00013704
2018-07-04 00:00:00.000000,2018-07-04 09:00:00.000000,7298000.00000000,7500000.00000000,7104000.00000000,7329000.00000000,1530748804544,36427212533.30592000,4984.70182867,7298000.00000000,31000.00000000,0.00424774
2018-07-05 00:00:00.000000,2018-07-05 09:00:00.000000,7329000.00000000,7445000.00000000,7270000.00000000,7377000.00000000,1530835200516,31508927550.17927000,4272.33855027,7329000.00000000,48000.00000000,0.00654932
2018-07-06 00:00:00.000000,2018-07-06 09:00:00.000000,7377000.00000000,7488000.00000000,7282000.00000000,7480000.00000000,1530921604098,39581194328.88056000,5355.98766532,7377000.00000000,103000.00000000,0.01396232
2018-07-07 00:00:00.000000,2018-07-07 09:00:00.000000,7480000.00000000,7638000.00000000,7361000.00000000,7550000.00000000,1531008002576,15484116511.70392000,2077.59204362,7480000.00000000,70000.00000000,0.00935829
2018-07-08 00:00:00.000000,2018-07-08 09:00:00.000000,7564000.00000000,7585000.00000000,7450000.00000000,7516000.00000000,1531094376330,21068399561.74593000,2801.16193621,7550000.00000000,-34000.00000000,-0.00450331
2018-07-09 00:00:00.000000,2018-07-09 09:00:00.000000,7515000.00000000,7623000.00000000,7451000.00000000,7474000.00000000,1531180802682,27893238457.68735000,3713.61975808,7516000.00000000,-42000.00000000,-0.00558808
2018-07-10 00:00:00.000000,2018-07-10 09:00:00.000000,7474000.00000000,7518000.00000000,7127000.00000000,7140000.00000000,1531267198047,38071008837.18583000,5199.60476183,7474000.00000000,-334000.00000000,-0.04468825
2018-07-11 00:00:00.000000,2018-07-11 09:00:00.000000,7141000.00000000,7269000.00000000,7110000.00000000,7226000.00000000,1531353597308,28194990186.30810000,3913.79534900,7140000.00000000,86000.00000000,0.01204482
2018-07-12 00:00:00.000000,2018-07-12 09:00:00.000000,7227000.00000000,7230000.00000000,6941000.00000000,7090000.00000000,1531440003068,26333567342.26757000,3724.82852502,7226000.00000000,-136000.00000000,-0.01882092
2018-07-13 00:00:00.000000,2018-07-13 09:00:00.000000,7094000.00000000,7165000.00000000,6973000.00000000,7054000.00000000,1531526404608,26379295130.73169000,3729.95994294,7090000.00000000,-36000.00000000,-0.00507757
2018-07-14 00:00:00.000000,2018-07-14 09:00:00.000000,7054000.00000000,7160000.00000000,7036000.00000000,7109000.00000000,1531612797015,14008581891.67330000,1978.79800196,7054000.00000000,55000.00000000,0.00779699
2018-07-15 00:00:00.000000,2018-07-15 09:00:00.000000,7109000.00000000,7226000.00000000,7088000.00000000,7178000.00000000,1531699202703,17095281208.52791000,2385.70929754,7109000.00000000,69000.00000000,0.00970601
2018-07-16 00:00:00.000000,2018-07-16 09:00:00.000000,7179000.00000000,7468000.00000000,7140000.00000000,7454000.00000000,1531785604070,45460277464.92213000,6215.79333942,7178000.00000000,276000.00000000,0.03845082
2018-07-17 00:00:00.000000,2018-07-17 09:00:00.000000,7454000.00000000,8140000.00000000,7419000.00000000,8080000.00000000,1531872003561,68446683083.69896000,8866.81669526,7454000.00000000,626000.00000000,0.08398175
2018-07-18 00:00:00.000000,2018-07-18 09:00:00.000000,8080000.00000000,8450000.00000000,8071000.00000000,8302000.00000000,1531958404129,76253964448.42350000,9226.44969555,8080000.00000000,222000.00000000,0.02747525
2018-07-19 00:00:00.000000,2018-07-19 09:00:00.000000,8292000.00000000,8512000.00000000,8157000.00000000,8443000.00000000,1532044804576,50624771672.00890000,6091.92994513,8302000.00000000,141000.00000000,0.01698386
2018-07-20 00:00:00.000000,2018-07-20 09:00:00.000000,8443000.00000000,8671000.00000000,8300000.00000000,8351000.00000000,1532131205347,63135854963.96770000,7480.68995162,8443000.00000000,-92000.00000000,-0.01089660
2018-07-21 00:00:00.000000,2018-07-21 09:00:00.000000,8351000.00000000,8387000.00000000,8185000.00000000,8367000.00000000,1532217603482,28298722219.61907000,3409.02111567,8351000.00000000,16000.00000000,0.00191594
2018-07-22 00:00:00.000000,2018-07-22 09:00:00.000000,8367000.00000000,8530000.00000000,8270000.00000000,8349000.00000000,1532304004894,32451010552.14465000,3853.45997189,8367000.00000000,-18000.00000000,-0.00215131
2018-07-23 00:00:00.000000,2018-07-23 09:00:00.000000,8347000.00000000,8844000.00000000,8275000.00000000,8752000.00000000,1532390405479,85355562871.49326000,9851.82951569,8349000.00000000,403000.00000000,0.04826925
2018-07-24 00:00:00.000000,2018-07-24 09:00:00.000000,8752000.00000000,9525000.00000000,8701000.00000000,9452000.00000000,1532476805448,150323681666.35200000,16483.79995859,8752000.00000000,700000.00000000,0.07998172
2018-07-25 00:00:00.000000,2018-07-25 09:00:00.000000,9458000.00000000,9578000.00000000,9054000.00000000,9158000.00000000,1532563204892,104663557067.26813000,11238.21728445,9452000.00000000,-294000.00000000,-0.03110453
2018-07-26 00:00:00.000000,2018-07-26 09:00:00.000000,9158000.00000000,9299000.00000000,8815000.00000000,8950000.00000000,1532649604847,70520276838.66537000,7716.05625820,9158000.00000000,-208000.00000000,-0.02271238
2018-07-27 00:00:00.000000,2018-07-27 09:00:00.000000,8950000.00000000,9259000.00000000,8780000.00000000,9122000.00000000,1532736005108,90182962072.15744000,10051.36343373,8950000.00000000,172000.00000000,0.01921788
2018-07-28 00:00:00.000000,2018-07-28 09:00:00.000000,9138000.00000000,9229000.00000000,9064000.00000000,9225000.00000000,1532822405535,35925663624.52046000,3917.28115020,9122000.00000000,103000.00000000,0.01129138
2018-07-29 00:00:00.000000,2018-07-29 09:00:00.000000,9229000.00000000,9310000.00000000,9153000.00000000,9238000.00000000,1532908805150,38024462760.96575000,4119.53145198,9225000.00000000,13000.00000000,0.00140921
2018-07-30 00:00:00.000000,2018-07-30 09:00:00.000000,9238000.00000000,9280000.00000000,8955000.00000000,9270000.00000000,1532995205451,50449604575.65224000,5498.91600049,9238000.00000000,32000.00000000,0.00346395
2018-07-31 00:00:00.000000,2018-07-31 09:00:00.000000,9270000.00000000,9278000.00000000,8690000.00000000,8800000.00000000,1533081602111,80229043588.81412000,8921.98646091,9270000.00000000,-470000.00000000,-0.05070119
2018-08-01 00:00:00.000000,2018-08-01 09:00:00.000000,8807000.00000000,8844000.00000000,8548000.00000000,8726000.00000000,1533081600000,52212740816.23962000,6033.26071739,8800000.00000000,-74000.00000000,-0.00840909
2018-08-02 00:00:00.000000,2018-08-02 09:00:00.000000,8725000.00000000,8940000.00000000,8626000.00000000,8731000.00000000,1533254404709,55220834823.04908000,6310.22735019,8726000.00000000,5000.00000000,0.00057300
2018-08-03 00:00:00.000000,2018-08-03 09:00:00.000000,8730000.00000000,8730000.00000000,8372000.00000000,8508000.00000000,1533340805197,52194607453.13990000,6142.54285504,8731000.00000000,-223000.00000000,-0.02554118
2018-08-04 00:00:00.000000,2018-08-04 09:00:00.000000,8508000.00000000,8610000.00000000,8000000.00000000,8074000.00000000,1533427199470,43253413179.65695000,5211.46198607,8508000.00000000,-434000.00000000,-0.05101081
2018-08-05 00:00:00.000000,2018-08-05 09:00:00.000000,8074000.00000000,8181000.00000000,7915000.00000000,8077000.00000000,1533513604664,28833153215.93532000,3578.83736395,8074000.00000000,3000.00000000,0.00037156
2018-08-06 00:00:00.000000,2018-08-06 09:00:00.000000,8075000.00000000,8200000.00000000,7900000.00000000,7982000.00000000,1533600002739,30597433154.32253000,3802.49007138,8077000.00000000,-95000.00000000,-0.01176179
2018-08-07 00:00:00.000000,2018-08-07 09:00:00.000000,7973000.00000000,8190000.00000000,7750000.00000000,7760000.00000000,1533686404540,47355068348.96838000,5910.20815105,7982000.00000000,-222000.00000000,-0.02781258
2018-08-08 00:00:00.000000,2018-08-08 09:00:00.000000,7760000.00000000,7766000.00000000,7217000.00000000,7308000.00000000,1533772805103,59847789627.60610000,7975.33732224,7760000.00000000,-452000.00000000,-0.05824742
2018-08-09 00:00:00.000000,2018-08-09 09:00:00.000000,7310000.00000000,7644000.00000000,7203000.00000000,7543000.00000000,1533859203699,47072146232.22284000,6342.05809593,7308000.00000000,235000.00000000,0.03215654
2018-08-10 00:00:00.000000,2018-08-10 09:00:00.000000,7546000.00000000,7608000.00000000,7100000.00000000,7230000.00000000,1533945603153,42724349302.02549000,5780.77577500,7543000.00000000,-313000.00000000,-0.04149543
2018-08-11 00:00:00.000000,2018-08-11 09:00:00.000000,7227000.00000000,7590000.00000000,7127000.00000000,7325000.00000000,1534032002426,36885101190.69186000,5066.85216567,7230000.00000000,95000.00000000,0.01313970
2018-08-12 00:00:00.000000,2018-08-12 09:00:00.000000,7325000.00000000,7540000.00000000,7279000.00000000,7395000.00000000,1534118404228,19827538898.01326000,2682.39145374,7325000.00000000,70000.00000000,0.00955631
2018-08-13 00:00:00.000000,2018-08-13 09:00:00.000000,7396000.00000000,7637000.00000000,7288000.00000000,7387000.00000000,1534118400000,42619588027.32103000,5711.07392516,7395000.00000000,-8000.00000000,-0.00108181
2018-08-14 00:00:00.000000,2018-08-14 09:00:00.000000,7386000.00000000,7386000.00000000,6960000.00000000,7233000.00000000,1534291205092,57122910971.27044000,8027.83923520,7387000.00000000,-154000.00000000,-0.02084743
2018-08-15 00:00:00.000000,2018-08-15 09:00:00.000000,7233000.00000000,7600000.00000000,7206000.00000000,7332000.00000000,1534377599762,52927582230.33734000,7158.79269170,7233000.00000000,99000.00000000,0.01368727
2018-08-16 00:00:00.000000,2018-08-16 09:00:00.000000,7332000.00000000,7487000.00000000,7260000.00000000,7337000.00000000,1534464002890,39186068019.09694000,5318.93470139,7332000.00000000,5000.00000000,0.00068194
2018-08-17 00:00:00.000000,2018-08-17 09:00:00.000000,7338000.00000000,7526000.00000000,7306000.00000000,7496000.00000000,1534550405175,49515097451.18360000,6653.00143771,7337000.00000000,159000.00000000,0.02167098
2018-08-18 00:00:00.000000,2018-08-18 09:00:00.000000,7500000.00000000,7579000.00000000,7288000.00000000,7391000.00000000,1534636777868,34269405733.09717000,4615.70442766,7496000.00000000,-105000.00000000,-0.01400747
2018-08-19 00:00:00.000000,2018-08-19 09:00:00.000000,7393000.00000000,7498000.00000000,7310000.00000000,7431000.00000000,1534723202506,21644401605.22686000,2928.96262117,7391000.00000000,40000.00000000,0.00541199
2018-08-20 00:00:00.000000,2018-08-20 09:00:00.000000,7432000.00000000,7469000.00000000,7244000.00000000,7255000.00000000,1534809605114,30970843739.75834000,4187.21791451,7431000.00000000,-176000.00000000,-0.02368456
2018-08-21 00:00:00.000000,2018-08-21 09:00:00.000000,7255000.00000000,7430000.00000000,7240000.00000000,7375000.00000000,1534871313754,22288720074.33495000,3037.60961801,7255000.00000000,120000.00000000,0.01654032
2018-08-22 00:00:00.000000,2018-08-22 09:00:00.000000,7375000.00000000,7751000.00000000,7187000.00000000,7289000.00000000,1534896000000,57175275723.90914000,7591.81346090,7375000.00000000,-86000.00000000,-0.01166102
2018-08-23 00:00:00.000000,2018-08-23 09:00:00.000000,7286000.00000000,7500000.00000000,7285000.00000000,7439000.00000000,1534982400000,26955047058.19440000,3662.18358590,7289000.00000000,150000.00000000,0.02057895
2018-08-24 00:00:00.000000,2018-08-24 09:00:00.000000,7440000.00000000,7593000.00000000,7368000.00000000,7561000.00000000,1535068800000,27968267658.12201000,3754.38179566,7439000.00000000,122000.00000000,0.01640005
2018-08-25 00:00:00.000000,2018-08-25 09:00:00.000000,7564000.00000000,7683000.00000000,7521000.00000000,7604000.00000000,1535241600079,26486222593.98640000,3491.70337305,7561000.00000000,43000.00000000,0.00568708
2018-08-26 00:00:00.000000,2018-08-26 09:00:00.000000,7604000.00000000,7637000.00000000,7450000.00000000,7547000.00000000,1535327969127,21280969843.32656000,2824.38421929,7604000.00000000,-57000.00000000,-0.00749605
2018-08-27 00:00:00.000000,2018-08-27 09:00:00.000000,7547000.00000000,7725000.00000000,7490000.00000000,7688000.00000000,1535414399590,31245125577.77610000,4134.98191712,7547000.00000000,141000.00000000,0.01868292
2018-08-28 00:00:00.000000,2018-08-28 09:00:00.000000,7688000.00000000,7886000.00000000,7654000.00000000,7839000.00000000,1535500797224,38693273429.00857000,4988.81989282,7688000.00000000,151000.00000000,0.01964100
2018-08-29 00:00:00.000000,2018-08-29 09:00:00.000000,7838000.00000000,7938000.00000000,7723000.00000000,7825000.00000000,1535500800000,38559027707.80889000,4912.14169962,7839000.00000000,-14000.00000000,-0.00178594
2018-08-30 00:00:00.000000,2018-08-30 09:00:00.000000,7825000.00000000,7910000.00000000,7672000.00000000,7856000.00000000,1535673596460,37319319426.02783000,4799.95478085,7825000.00000000,31000.00000000,0.00396166
2018-08-31 00:00:00.000000,2018-08-31 09:00:00.000000,7844000.00000000,7915000.00000000,7749000.00000000,7865000.00000000,1535759997980,36718712180.54884000,4687.30105795,7856000.00000000,9000.00000000,0.00114562
2018-09-01 00:00:00.000000,2018-09-01 09:00:00.000000,7865000.00000000,8009000.00000000,7844000.00000000,8001000.00000000,1535760000000,34375386341.20901000,4338.01207477,7865000.00000000,136000.00000000,0.01729180
2018-09-02 00:00:00.000000,2018-09-02 09:00:00.000000,8000000.00000000,8169000.00000000,7932000.00000000,8113000.00000000,1535846400000,35986068849.09650000,4460.52710093,8001000.00000000,112000.00000000,0.01399825
2018-09-03 00:00:00.000000,2018-09-03 09:00:00.000000,8114000.00000000,8160000.00000000,8043000.00000000,8125000.00000000,1535932800000,25904388274.55882000,3198.85155079,8113000.00000000,12000.00000000,0.00147911
2018-09-04 00:00:00.000000,2018-09-04 09:00:00.000000,8116000.00000000,8279000.00000000,8111000.00000000,8271000.00000000,1536019200000,31253351748.15389000,3811.85788263,8125000.00000000,146000.00000000,0.01796923
2018-09-05 00:00:00.000000,2018-09-05 09:00:00.000000,8271000.00000000,8333000.00000000,7687000.00000000,7699000.00000000,1536105600000,62459759557.79113000,7761.44133104,8271000.00000000,-572000.00000000,-0.06915730
2018-09-06 00:00:00.000000,2018-09-06 09:00:00.000000,7698000.00000000,7718000.00000000,7264000.00000000,7523000.00000000,1536192000000,57708418700.40115000,7776.42498652,7699000.00000000,-176000.00000000,-0.02286011
2018-09-07 00:00:00.000000,2018-09-07 09:00:00.000000,7522000.00000000,7543000.00000000,7292000.00000000,7382000.00000000,1536278400000,31207926938.16083000,4198.80086130,7523000.00000000,-141000.00000000,-0.01874252
2018-09-08 00:00:00.000000,2018-09-08 09:00:00.000000,7391000.00000000,7439000.00000000,7110000.00000000,7206000.00000000,1536364800000,21083974349.89717000,2881.52639575,7382000.00000000,-176000.00000000,-0.02384178
2018-09-09 00:00:00.000000,2018-09-09 09:00:00.000000,7206000.00000000,7437000.00000000,7131000.00000000,7232000.00000000,1536451200000,24219366134.95087000,3330.24379869,7206000.00000000,26000.00000000,0.00360810
2018-09-10 00:00:00.000000,2018-09-10 09:00:00.000000,7232000.00000000,7348000.00000000,7198000.00000000,7274000.00000000,1536537600000,22419048457.83869000,3089.33223454,7232000.00000000,42000.00000000,0.00580752
2018-09-11 00:00:00.000000,2018-09-11 09:00:00.000000,7275000.00000000,7350000.00000000,7126000.00000000,7239000.00000000,1536624000000,24572480949.58474000,3392.11803014,7274000.00000000,-35000.00000000,-0.00481166
2018-09-12 00:00:00.000000,2018-09-12 09:00:00.000000,7242000.00000000,7289000.00000000,7155000.00000000,7234000.00000000,1536710400000,28833461619.81044000,3994.11931681,7239000.00000000,-5000.00000000,-0.00069070
2018-09-13 00:00:00.000000,2018-09-13 09:00:00.000000,7238000.00000000,7399000.00000000,7233000.00000000,7355000.00000000,1536883197396,29538754836.37971000,4029.70108465,7234000.00000000,121000.00000000,0.01672657
2018-09-14 00:00:00.000000,2018-09-14 09:00:00.000000,7355000.00000000,7504000.00000000,7261000.00000000,7359000.00000000,1536883200000,32402972263.27593000,4397.95749188,7355000.00000000,4000.00000000,0.00054385
2018-09-15 00:00:00.000000,2018-09-15 09:00:00.000000,7361000.00000000,7397000.00000000,7320000.00000000,7363000.00000000,1537055999613,16251306528.37896000,2206.71646834,7359000.00000000,4000.00000000,0.00054355
2018-09-16 00:00:00.000000,2018-09-16 09:00:00.000000,7365000.00000000,7386000.00000000,7250000.00000000,7356000.00000000,1537142399222,21546431123.47827000,2939.07928986,7363000.00000000,-7000.00000000,-0.00095070
2018-09-17 00:00:00.000000,2018-09-17 09:00:00.000000,7356000.00000000,7373000.00000000,7128000.00000000,7191000.00000000,1537142400000,32986348073.76501000,4535.64958686,7356000.00000000,-165000.00000000,-0.02243067
2018-09-18 00:00:00.000000,2018-09-18 09:00:00.000000,7192000.00000000,7283000.00000000,7134000.00000000,7234000.00000000,1537228800000,29178284487.21652000,4053.11354921,7191000.00000000,43000.00000000,0.00597970
2018-09-19 00:00:00.000000,2018-09-19 09:00:00.000000,7234000.00000000,7388000.00000000,7010000.00000000,7245000.00000000,1537401600089,31042943583.09574000,4306.69728981,7234000.00000000,11000.00000000,0.00152060
2018-09-20 00:00:00.000000,2018-09-20 09:00:00.000000,7250000.00000000,7364000.00000000,7190000.00000000,7311000.00000000,1537401600000,33174326631.62673000,4570.14222037,7245000.00000000,66000.00000000,0.00910973
2018-09-21 00:00:00.000000,2018-09-21 09:00:00.000000,7311000.00000000,7596000.00000000,7287000.00000000,7537000.00000000,1537488000000,71329466429.49927000,9545.78162275,7311000.00000000,226000.00000000,0.03091232
2018-09-22 00:00:00.000000,2018-09-22 09:00:00.000000,7537000.00000000,7636000.00000000,7425000.00000000,7540000.00000000,1537574400000,36611321982.49284000,4866.23755949,7539000.00000000,1000.00000000,0.00013264
2018-09-23 00:00:00.000000,2018-09-23 09:00:00.000000,7539000.00000000,7600000.00000000,7450000.00000000,7500000.00000000,1537747190563,31738538695.06925000,4216.92509274,7540000.00000000,-40000.00000000,-0.00530504
2018-09-24 00:00:00.000000,2018-09-24 09:00:00.000000,7500000.00000000,7547000.00000000,7407000.00000000,7430000.00000000,1537747200000,22738698842.47596000,3046.33250681,7500000.00000000,-70000.00000000,-0.00933333
2018-09-25 00:00:00.000000,2018-09-25 09:00:00.000000,7428000.00000000,7439000.00000000,7241000.00000000,7299000.00000000,1537833600000,34503898776.90172000,4725.14731707,7430000.00000000,-131000.00000000,-0.01763122
2018-09-26 00:00:00.000000,2018-09-26 09:00:00.000000,7299000.00000000,7392000.00000000,7259000.00000000,7300000.00000000,1537920000000,28697315885.20068000,3921.98120692,7299000.00000000,1000.00000000,0.00013701
2018-09-27 00:00:00.000000,2018-09-27 09:00:00.000000,7300000.00000000,7490000.00000000,7261000.00000000,7447000.00000000,1538092799947,29562427626.61729000,4027.10107711,7300000.00000000,147000.00000000,0.02013699
2018-09-28 00:00:00.000000,2018-09-28 09:00:00.000000,7447000.00000000,7551000.00000000,7339000.00000000,7408000.00000000,1538179198171,40311237728.94514000,5408.47953602,7447000.00000000,-39000.00000000,-0.00523701
2018-09-29 00:00:00.000000,2018-09-29 09:00:00.000000,7408000.00000000,7410000.00000000,7280000.00000000,7360000.00000000,1538265599760,23817952485.32884000,3246.00594677,7408000.00000000,-48000.00000000,-0.00647948
2018-09-30 00:00:00.000000,2018-09-30 09:00:00.000000,7360000.00000000,7418000.00000000,7327000.00000000,7393000.00000000,1538351998003,23299373206.16943000,3162.07598214,7360000.00000000,33000.00000000,0.00448370
2018-10-01 00:00:00.000000,2018-10-01 09:00:00.000000,7394000.00000000,7449000.00000000,7280000.00000000,7375000.00000000,1538438378231,31921258985.45116000,4331.49181371,7393000.00000000,-18000.00000000,-0.00243474
2018-10-02 00:00:00.000000,2018-10-02 09:00:00.000000,7374000.00000000,7414000.00000000,7337000.00000000,7369000.00000000,1538524800059,26011699053.61880000,3525.16031441,7375000.00000000,-6000.00000000,-0.00081356
2018-10-03 00:00:00.000000,2018-10-03 09:00:00.000000,7369000.00000000,7393000.00000000,7299000.00000000,7386000.00000000,1538611189224,22451100875.94600000,3057.96001967,7369000.00000000,17000.00000000,0.00230696
2018-10-04 00:00:00.000000,2018-10-04 09:00:00.000000,7385000.00000000,7499000.00000000,7362000.00000000,7481000.00000000,1538697587034,25090339901.40923000,3366.97571010,7386000.00000000,95000.00000000,0.01286217
2018-10-06 00:00:00.000000,2018-10-06 09:00:00.000000,7502000.00000000,7509000.00000000,7438000.00000000,7485000.00000000,1538870390792,16410447472.91659000,2194.14874573,7503000.00000000,-18000.00000000,-0.00239904
2018-10-07 00:00:00.000000,2018-10-07 09:00:00.000000,7484000.00000000,7513000.00000000,7424000.00000000,7482000.00000000,1538956799221,14211705821.24960000,1904.00188064,7485000.00000000,-3000.00000000,-0.00040080
2018-10-08 00:00:00.000000,2018-10-08 09:00:00.000000,7483000.00000000,7589000.00000000,7461000.00000000,7542000.00000000,1539043140000,25492080041.81498000,3391.80918903,7482000.00000000,60000.00000000,0.00801925
2018-10-09 00:00:00.000000,2018-10-09 09:00:00.000000,7541000.00000000,7550000.00000000,7484000.00000000,7527000.00000000,1539129598339,16145607713.03003000,2147.42528494,7542000.00000000,-15000.00000000,-0.00198886
2018-10-10 00:00:00.000000,2018-10-10 09:00:00.000000,7527000.00000000,7530000.00000000,7380000.00000000,7472000.00000000,1539216000294,32880503263.60822000,4412.34394843,7527000.00000000,-55000.00000000,-0.00730703
2018-10-11 00:00:00.000000,2018-10-11 09:00:00.000000,7472000.00000000,7480000.00000000,7150000.00000000,7187000.00000000,1539302399091,54997705332.46352000,7579.91610222,7472000.00000000,-285000.00000000,-0.03814240
2018-10-12 00:00:00.000000,2018-10-12 09:00:00.000000,7195000.00000000,7300000.00000000,7155000.00000000,7183000.00000000,1539388740000,34953411427.05833000,4836.81145319,7187000.00000000,-4000.00000000,-0.00055656
2018-10-13 00:00:00.000000,2018-10-13 09:00:00.000000,7180000.00000000,7211000.00000000,7159000.00000000,7189000.00000000,1539475140000,13298596555.86460000,1850.50448252,7183000.00000000,6000.00000000,0.00083531
2018-10-14 00:00:00.000000,2018-10-14 09:00:00.000000,7190000.00000000,7263000.00000000,7182000.00000000,7198000.00000000,1539561590379,16669464824.60389000,2310.33330170,7189000.00000000,9000.00000000,0.00125191
2018-10-15 00:00:00.000000,2018-10-15 09:00:00.000000,7200000.00000000,7905000.00000000,7165000.00000000,7413000.00000000,1539648000304,90107430327.14738000,11984.68570210,7198000.00000000,215000.00000000,0.02986941
2018-10-16 00:00:00.000000,2018-10-16 09:00:00.000000,7416000.00000000,7465000.00000000,7312000.00000000,7352000.00000000,1539734399000,24763329152.45943000,3356.42495081,7413000.00000000,-61000.00000000,-0.00822879
2018-10-17 00:00:00.000000,2018-10-17 09:00:00.000000,7352000.00000000,7380000.00000000,7280000.00000000,7327000.00000000,1539820799922,21967509196.63270000,2999.20011723,7352000.00000000,-25000.00000000,-0.00340044
2018-10-18 00:00:00.000000,2018-10-18 09:00:00.000000,7327000.00000000,7390000.00000000,7311000.00000000,7343000.00000000,1539907198495,19859287539.32475000,2703.41651159,7327000.00000000,16000.00000000,0.00218370
2018-10-19 00:00:00.000000,2018-10-19 09:00:00.000000,7343000.00000000,7364000.00000000,7281000.00000000,7291000.00000000,1539993599314,20483702337.38526000,2800.77612068,7343000.00000000,-52000.00000000,-0.00708157
2018-10-20 00:00:00.000000,2018-10-20 09:00:00.000000,7291000.00000000,7317000.00000000,7265000.00000000,7302000.00000000,1540079998207,14358799866.93087000,1970.04299390,7291000.00000000,11000.00000000,0.00150871
2018-10-21 00:00:00.000000,2018-10-21 09:00:00.000000,7302000.00000000,7350000.00000000,7297000.00000000,7311000.00000000,1540166388634,13434970475.60574000,1836.45337649,7302000.00000000,9000.00000000,0.00123254
2018-10-22 00:00:00.000000,2018-10-22 09:00:00.000000,7310000.00000000,7322000.00000000,7271000.00000000,7297000.00000000,1540252795506,21562049643.55865000,2953.97307214,7311000.00000000,-14000.00000000,-0.00191492
2018-10-23 00:00:00.000000,2018-10-23 09:00:00.000000,7297000.00000000,7318000.00000000,7251000.00000000,7270000.00000000,1540339199920,21946880516.14418000,3011.57930571,7297000.00000000,-27000.00000000,-0.00370015
2018-10-24 00:00:00.000000,2018-10-24 09:00:00.000000,7270000.00000000,7323000.00000000,7261000.00000000,7296000.00000000,1540425598404,26251383586.77942000,3597.70170567,7270000.00000000,26000.00000000,0.00357634
2018-10-25 00:00:00.000000,2018-10-25 09:00:00.000000,7296000.00000000,7300000.00000000,7229000.00000000,7272000.00000000,1540511997431,21305653482.14609000,2934.43637646,7296000.00000000,-24000.00000000,-0.00328947
2018-10-26 00:00:00.000000,2018-10-26 09:00:00.000000,7272000.00000000,7309000.00000000,7241000.00000000,7276000.00000000,1540598399042,17476211741.25722000,2404.52146255,7272000.00000000,4000.00000000,0.00055006
2018-10-27 00:00:00.000000,2018-10-27 09:00:00.000000,7276000.00000000,7291000.00000000,7250000.00000000,7284000.00000000,1540684799823,11870598183.71014000,1632.07550396,7276000.00000000,8000.00000000,0.00109951
2018-10-28 00:00:00.000000,2018-10-28 09:00:00.000000,7284000.00000000,7290000.00000000,7241000.00000000,7258000.00000000,1540771184215,9933433252.79119000,1367.83748212,7284000.00000000,-26000.00000000,-0.00356947
2018-10-29 00:00:00.000000,2018-10-29 09:00:00.000000,7259000.00000000,7264000.00000000,7057000.00000000,7097000.00000000,1540857598159,26967898391.85129000,3760.90731634,7258000.00000000,-161000.00000000,-0.02218242
2018-10-30 00:00:00.000000,2018-10-30 09:00:00.000000,7097000.00000000,7162000.00000000,7094000.00000000,7140000.00000000,1540943985976,16632386526.89710000,2329.37978247,7097000.00000000,43000.00000000,0.00605890
2018-10-31 00:00:00.000000,2018-10-31 09:00:00.000000,7139000.00000000,7200000.00000000,7062000.00000000,7162000.00000000,1541030395761,20818160095.02155000,2918.68446747,7140000.00000000,22000.00000000,0.00308123
2018-11-01 00:00:00.000000,2018-11-01 09:00:00.000000,7162000.00000000,7200000.00000000,7141000.00000000,7186000.00000000,1541116800112,13757575371.45541000,1920.59318498,7162000.00000000,24000.00000000,0.00335102
2018-11-02 00:00:00.000000,2018-11-02 09:00:00.000000,7186000.00000000,7221000.00000000,7161000.00000000,7179000.00000000,1541203200035,19075966861.85672000,2653.27837824,7186000.00000000,-7000.00000000,-0.00097412
2018-11-03 00:00:00.000000,2018-11-03 09:00:00.000000,7179000.00000000,7185000.00000000,7100000.00000000,7150000.00000000,1541289592524,11320699649.12161000,1584.16259136,7179000.00000000,-29000.00000000,-0.00403956
2018-11-04 00:00:00.000000,2018-11-04 09:00:00.000000,7145000.00000000,7270000.00000000,7125000.00000000,7213000.00000000,1541375988821,19852502555.39935000,2763.64095353,7150000.00000000,63000.00000000,0.00881119
2018-11-05 00:00:00.000000,2018-11-05 09:00:00.000000,7214000.00000000,7246000.00000000,7187000.00000000,7198000.00000000,1541462398583,20074802894.18236000,2781.27420558,7213000.00000000,-15000.00000000,-0.00207958
2018-11-06 00:00:00.000000,2018-11-06 09:00:00.000000,7198000.00000000,7256000.00000000,7186000.00000000,7231000.00000000,1541548799004,25372867294.32670000,3516.59860154,7198000.00000000,33000.00000000,0.00458461
2018-11-07 00:00:00.000000,2018-11-07 09:00:00.000000,7237000.00000000,7348000.00000000,7219000.00000000,7310000.00000000,1541635199241,29774252935.91645000,4075.20654325,7231000.00000000,79000.00000000,0.01092518
2018-11-08 00:00:00.000000,2018-11-08 09:00:00.000000,7312000.00000000,7342000.00000000,7245000.00000000,7282000.00000000,1541721594642,24173143921.94452000,3316.39523463,7310000.00000000,-28000.00000000,-0.00383037
2018-11-09 00:00:00.000000,2018-11-09 09:00:00.000000,7282000.00000000,7307000.00000000,7203000.00000000,7243000.00000000,1541807996890,22810221463.54516000,3141.94399954,7282000.00000000,-39000.00000000,-0.00535567
2018-11-10 00:00:00.000000,2018-11-10 09:00:00.000000,7243000.00000000,7275000.00000000,7228000.00000000,7237000.00000000,1541894363926,11871056469.03900000,1636.97140048,7243000.00000000,-6000.00000000,-0.00082839
2018-11-11 00:00:00.000000,2018-11-11 09:00:00.000000,7237000.00000000,7260000.00000000,7180000.00000000,7253000.00000000,1541980796644,13153925980.66303000,1818.84842381,7237000.00000000,16000.00000000,0.00221086
2018-11-12 00:00:00.000000,2018-11-12 09:00:00.000000,7253000.00000000,7284000.00000000,7234000.00000000,7249000.00000000,1542067197238,18145683552.69840000,2501.92493132,7253000.00000000,-4000.00000000,-0.00055150
2018-11-13 00:00:00.000000,2018-11-13 09:00:00.000000,7249000.00000000,7270000.00000000,7203000.00000000,7248000.00000000,1542153599418,21358444564.34167000,2949.09619474,7249000.00000000,-1000.00000000,-0.00013795
2018-11-14 00:00:00.000000,2018-11-14 09:00:00.000000,7248000.00000000,7270000.00000000,6514000.00000000,6782000.00000000,1542239999724,64821926065.15210000,9333.25109232,7248000.00000000,-466000.00000000,-0.06429360
2018-11-15 00:00:00.000000,2018-11-15 09:00:00.000000,6782000.00000000,6811000.00000000,6253000.00000000,6529000.00000000,1542326399390,60814427908.21900000,9344.82551128,6782000.00000000,-253000.00000000,-0.03730463
2018-11-16 00:00:00.000000,2018-11-16 09:00:00.000000,6529000.00000000,6580000.00000000,6350000.00000000,6425000.00000000,1542412788110,31772507435.98348000,4920.30398166,6529000.00000000,-104000.00000000,-0.01592893
2018-11-17 00:00:00.000000,2018-11-17 09:00:00.000000,6426000.00000000,6452000.00000000,6344000.00000000,6385000.00000000,1542499196773,18237270244.63476000,2858.37777974,6425000.00000000,-40000.00000000,-0.00622568
2018-11-18 00:00:00.000000,2018-11-18 09:00:00.000000,6383000.00000000,6494000.00000000,6363000.00000000,6431000.00000000,1542585594369,14958107586.57964000,2331.37096303,6385000.00000000,46000.00000000,0.00720439
2018-11-19 00:00:00.000000,2018-11-19 09:00:00.000000,6431000.00000000,6436000.00000000,5563000.00000000,5618000.00000000,1542672000313,60747307730.39638000,10146.07679702,6431000.00000000,-813000.00000000,-0.12641891
2018-11-20 00:00:00.000000,2018-11-20 09:00:00.000000,5618000.00000000,5762000.00000000,4935000.00000000,5177000.00000000,1542758399221,95754967134.07922000,17978.21071906,5618000.00000000,-441000.00000000,-0.07849769
2018-11-21 00:00:00.000000,2018-11-21 09:00:00.000000,5177000.00000000,5414000.00000000,5016000.00000000,5274000.00000000,1542844710691,44497249129.77502000,8532.49327465,5177000.00000000,97000.00000000,0.01873672
2018-11-22 00:00:00.000000,2018-11-22 09:00:00.000000,5274000.00000000,5361000.00000000,4950000.00000000,4965000.00000000,1542931200082,25948518440.63089000,5004.26901548,5274000.00000000,-309000.00000000,-0.05858931
2018-11-23 00:00:00.000000,2018-11-23 09:00:00.000000,4965000.00000000,5071000.00000000,4782000.00000000,5013000.00000000,1543017597649,45285118699.70518000,9163.96074326,4965000.00000000,48000.00000000,0.00966767
2018-11-24 00:00:00.000000,2018-11-24 09:00:00.000000,5013000.00000000,5112000.00000000,4411000.00000000,4492000.00000000,1543103999117,42650526651.76355000,8851.92005334,5013000.00000000,-521000.00000000,-0.10392978
2018-11-25 00:00:00.000000,2018-11-25 09:00:00.000000,4492000.00000000,4766000.00000000,4126000.00000000,4616000.00000000,1543190399519,65554014148.70150000,14846.61807208,4492000.00000000,124000.00000000,0.02760463
2018-11-26 00:00:00.000000,2018-11-26 09:00:00.000000,4616000.00000000,4747000.00000000,4177000.00000000,4371000.00000000,1543276798742,65903686544.80377000,14659.13232924,4616000.00000000,-245000.00000000,-0.05307626
2018-11-27 00:00:00.000000,2018-11-27 09:00:00.000000,4365000.00000000,4458000.00000000,4162000.00000000,4380000.00000000,1543363200139,43205370531.18933000,10023.86956673,4371000.00000000,9000.00000000,0.00205903
2018-11-28 00:00:00.000000,2018-11-28 09:00:00.000000,4380000.00000000,4932000.00000000,4369000.00000000,4800000.00000000,1543449597404,70403454469.41722000,15135.99871579,4380000.00000000,420000.00000000,0.09589041
2018-11-29 00:00:00.000000,2018-11-29 09:00:00.000000,4795000.00000000,5030000.00000000,4661000.00000000,4840000.00000000,1543536000022,65577051421.08243000,13588.75645203,4800000.00000000,40000.00000000,0.00833333
2018-11-30 00:00:00.000000,2018-11-30 09:00:00.000000,4841000.00000000,4888000.00000000,4440000.00000000,4565000.00000000,1543622399999,53038246796.24296000,11389.14325328,4840000.00000000,-275000.00000000,-0.05681818
2018-12-01 00:00:00.000000,2018-12-01 09:00:00.000000,4565000.00000000,4834000.00000000,4476000.00000000,4721000.00000000,1543708798263,32588352828.91493000,6990.42801181,4565000.00000000,156000.00000000,0.03417306
2018-12-02 00:00:00.000000,2018-12-02 09:00:00.000000,4720000.00000000,4852000.00000000,4614000.00000000,4685000.00000000,1543795197901,32924426895.48919000,6984.37158641,4721000.00000000,-36000.00000000,-0.00762550
2018-12-03 00:00:00.000000,2018-12-03 09:00:00.000000,4699000.00000000,4728000.00000000,4330000.00000000,4387000.00000000,1543881598557,40003959996.69230000,8886.50699993,4685000.00000000,-298000.00000000,-0.06360726
2018-12-04 00:00:00.000000,2018-12-04 09:00:00.000000,4393000.00000000,4592000.00000000,4280000.00000000,4457000.00000000,1543967998403,43474749999.14644000,9755.04505869,4387000.00000000,70000.00000000,0.01595623
2018-12-05 00:00:00.000000,2018-12-05 09:00:00.000000,4456000.00000000,4472000.00000000,4232000.00000000,4262000.00000000,1544054399122,36235565227.07808000,8325.80342723,4457000.00000000,-195000.00000000,-0.04375140
2018-12-06 00:00:00.000000,2018-12-06 09:00:00.000000,4262000.00000000,4391000.00000000,3950000.00000000,3965000.00000000,1544140799358,59748180327.29378000,14125.61843122,4262000.00000000,-297000.00000000,-0.06968559
2018-12-07 00:00:00.000000,2018-12-07 09:00:00.000000,3962000.00000000,4005000.00000000,3666000.00000000,3868000.00000000,1544227196148,59708370844.57996000,15549.85391268,3965000.00000000,-97000.00000000,-0.02446406
2018-12-08 00:00:00.000000,2018-12-08 09:00:00.000000,3868000.00000000,3953000.00000000,3714000.00000000,3875000.00000000,1544313594259,29612071269.05155000,7681.09933383,3868000.00000000,7000.00000000,0.00180972
2018-12-09 00:00:00.000000,2018-12-09 09:00:00.000000,3877000.00000000,4120000.00000000,3832000.00000000,4013000.00000000,1544399999851,25604546302.75520000,6483.95165173,3875000.00000000,138000.00000000,0.03561290
2018-12-10 00:00:00.000000,2018-12-10 09:00:00.000000,4013000.00000000,4075000.00000000,3838000.00000000,3895000.00000000,1544486394403,23883074170.01762000,6046.32716932,4013000.00000000,-118000.00000000,-0.02940444
2018-12-11 00:00:00.000000,2018-12-11 09:00:00.000000,3893000.00000000,3924000.00000000,3764000.00000000,3822000.00000000,1544572799695,25692198381.76460000,6669.04649885,3895000.00000000,-73000.00000000,-0.01874198
2018-12-12 00:00:00.000000,2018-12-12 09:00:00.000000,3822000.00000000,3929000.00000000,3792000.00000000,3888000.00000000,1544659199447,21805254970.16061000,5659.62569846,3822000.00000000,66000.00000000,0.01726845
2018-12-13 00:00:00.000000,2018-12-13 09:00:00.000000,3889000.00000000,3900000.00000000,3693000.00000000,3721000.00000000,1544745592303,20265170914.68919000,5314.52909104,3888000.00000000,-167000.00000000,-0.04295267
2018-12-14 00:00:00.000000,2018-12-14 09:00:00.000000,3721000.00000000,3777000.00000000,3595000.00000000,3642000.00000000,1544831987350,21793982877.23740000,5889.21194184,3721000.00000000,-79000.00000000,-0.02123085
2018-12-15 00:00:00.000000,2018-12-15 09:00:00.000000,3641000.00000000,3685000.00000000,3562000.00000000,3619000.00000000,1544918398079,14632832607.60874000,4034.72846031,3642000.00000000,-23000.00000000,-0.00631521
2018-12-16 00:00:00.000000,2018-12-16 09:00:00.000000,3620000.00000000,3700000.00000000,3612000.00000000,3637000.00000000,1545004799812,12974785983.73166000,3542.84499551,3619000.00000000,18000.00000000,0.00497375
2018-12-17 00:00:00.000000,2018-12-17 09:00:00.000000,3636000.00000000,3973000.00000000,3625000.00000000,3923000.00000000,1545091192107,34536634668.69621000,9103.62714974,3637000.00000000,286000.00000000,0.07863624
2018-12-18 00:00:00.000000,2018-12-18 09:00:00.000000,3921000.00000000,4110000.00000000,3848000.00000000,4088000.00000000,1545177599320,30304504784.57611000,7666.87337544,3923000.00000000,165000.00000000,0.04205965
2018-12-19 00:00:00.000000,2018-12-19 09:00:00.000000,4092000.00000000,4400000.00000000,4054000.00000000,4124000.00000000,1545263999267,51926147648.98292000,12333.94328952,4088000.00000000,36000.00000000,0.00880626
2018-12-20 00:00:00.000000,2018-12-20 09:00:00.000000,4127000.00000000,4637000.00000000,4090000.00000000,4552000.00000000,1545350399913,72750405678.29314000,16481.71245495,4124000.00000000,428000.00000000,0.10378274
2018-12-21 00:00:00.000000,2018-12-21 09:00:00.000000,4552000.00000000,4733000.00000000,4243000.00000000,4333000.00000000,1545436800094,75652109472.71754000,16822.18191833,4552000.00000000,-219000.00000000,-0.04811072
2018-12-22 00:00:00.000000,2018-12-22 09:00:00.000000,4333000.00000000,4494000.00000000,4272000.00000000,4464000.00000000,1545523198226,30486695427.30693000,7007.24216643,4333000.00000000,131000.00000000,0.03023309
2018-12-23 00:00:00.000000,2018-12-23 09:00:00.000000,4465000.00000000,4549000.00000000,4369000.00000000,4439000.00000000,1545609599920,33389627461.62296000,7458.50412788,4464000.00000000,-25000.00000000,-0.00560036
2018-12-24 00:00:00.000000,2018-12-24 09:00:00.000000,4436000.00000000,4700000.00000000,4425000.00000000,4539000.00000000,1545695995050,50759889673.59508000,11018.72955822,4439000.00000000,100000.00000000,0.02252760
2018-12-25 00:00:00.000000,2018-12-25 09:00:00.000000,4537000.00000000,4553000.00000000,4138000.00000000,4243000.00000000,1545782399307,36742695644.63038000,8603.02466497,4539000.00000000,-296000.00000000,-0.06521260
2018-12-26 00:00:00.000000,2018-12-26 09:00:00.000000,4243000.00000000,4349000.00000000,4157000.00000000,4293000.00000000,1545868793176,33844677004.27892000,7965.54551542,4243000.00000000,50000.00000000,0.01178412
2018-12-27 00:00:00.000000,2018-12-27 09:00:00.000000,4292000.00000000,4334000.00000000,4062000.00000000,4124000.00000000,1545955192787,26872111965.80108000,6387.12492085,4293000.00000000,-169000.00000000,-0.03936641
2018-12-28 00:00:00.000000,2018-12-28 09:00:00.000000,4127000.00000000,4380000.00000000,4043000.00000000,4338000.00000000,1546041596250,37782469290.68442000,9044.90073346,4124000.00000000,214000.00000000,0.05189137
2018-12-29 00:00:00.000000,2018-12-29 09:00:00.000000,4338000.00000000,4388000.00000000,4166000.00000000,4200000.00000000,1546127999742,22620577738.75656000,5249.20699964,4338000.00000000,-138000.00000000,-0.03181189
2018-12-30 00:00:00.000000,2018-12-30 09:00:00.000000,4190000.00000000,4335000.00000000,4153000.00000000,4291000.00000000,1546214399341,20494140204.29936000,4820.06273912,4200000.00000000,91000.00000000,0.02166667
2018-12-31 00:00:00.000000,2018-12-31 09:00:00.000000,4294000.00000000,4322000.00000000,4129000.00000000,4200000.00000000,1546300740000,18279938719.71038000,4319.65438521,4291000.00000000,-91000.00000000,-0.02120718
2019-01-01 00:00:00.000000,2019-01-01 09:00:00.000000,4200000.00000000,4297000.00000000,4130000.00000000,4288000.00000000,1546387199724,15997558882.95464000,3806.56039475,4200000.00000000,88000.00000000,0.02095238
2019-01-02 00:00:00.000000,2019-01-02 09:00:00.000000,4288000.00000000,4366000.00000000,4241000.00000000,4347000.00000000,1546473599313,23238255655.49110000,5413.33304643,4288000.00000000,59000.00000000,0.01375933
2019-01-03 00:00:00.000000,2019-01-03 09:00:00.000000,4348000.00000000,4360000.00000000,4251000.00000000,4284000.00000000,1546559998946,20189326809.49272000,4683.66209758,4347000.00000000,-63000.00000000,-0.01449275
2019-01-04 00:00:00.000000,2019-01-04 09:00:00.000000,4285000.00000000,4328000.00000000,4231000.00000000,4303000.00000000,1546646400038,23365453641.52329000,5455.72943421,4284000.00000000,19000.00000000,0.00443511
2019-01-05 00:00:00.000000,2019-01-05 09:00:00.000000,4304000.00000000,4345000.00000000,4270000.00000000,4294000.00000000,1546732792326,14367611651.64076000,3332.94892431,4303000.00000000,-9000.00000000,-0.00209156
2019-01-06 00:00:00.000000,2019-01-06 09:00:00.000000,4294000.00000000,4551000.00000000,4270000.00000000,4520000.00000000,1546819195285,21317313689.87248000,4835.56400675,4294000.00000000,226000.00000000,0.05263158
2019-01-07 00:00:00.000000,2019-01-07 09:00:00.000000,4519000.00000000,4550000.00000000,4450000.00000000,4499000.00000000,1546905590094,19378111847.85265000,4307.10019813,4520000.00000000,-21000.00000000,-0.00464602
2019-01-08 00:00:00.000000,2019-01-08 09:00:00.000000,4498000.00000000,4577000.00000000,4420000.00000000,4480000.00000000,1546991996896,22861221192.08012000,5089.28053387,4499000.00000000,-19000.00000000,-0.00422316
2019-01-09 00:00:00.000000,2019-01-09 09:00:00.000000,4481000.00000000,4510000.00000000,4431000.00000000,4458000.00000000,1547078394609,20054659109.59710000,4477.80053429,4480000.00000000,-22000.00000000,-0.00491071
2019-01-10 00:00:00.000000,2019-01-10 09:00:00.000000,4460000.00000000,4487000.00000000,4060000.00000000,4087000.00000000,1547164796628,43511837850.15597000,10233.89728557,4458000.00000000,-371000.00000000,-0.08322118
2019-01-11 00:00:00.000000,2019-01-11 09:00:00.000000,4086000.00000000,4149000.00000000,4029000.00000000,4101000.00000000,1547251187709,21762101414.14690000,5325.27940583,4087000.00000000,14000.00000000,0.00342550
2019-01-12 00:00:00.000000,2019-01-12 09:00:00.000000,4101000.00000000,4140000.00000000,4043000.00000000,4098000.00000000,1547337597850,13292760229.80835000,3247.57216084,4101000.00000000,-3000.00000000,-0.00073153
2019-01-13 00:00:00.000000,2019-01-13 09:00:00.000000,4098000.00000000,4102000.00000000,3940000.00000000,3963000.00000000,1547423991771,13362699539.05393000,3318.31923108,4098000.00000000,-135000.00000000,-0.03294290
2019-01-14 00:00:00.000000,2019-01-14 09:00:00.000000,3966000.00000000,4141000.00000000,3951000.00000000,4098000.00000000,1547510395967,19919384100.27450000,4950.86788490,3963000.00000000,135000.00000000,0.03406510
2019-01-15 00:00:00.000000,2019-01-15 09:00:00.000000,4098000.00000000,4116000.00000000,4002000.00000000,4034000.00000000,1547596799388,19648524022.42221000,4819.99157761,4098000.00000000,-64000.00000000,-0.01561737
2019-01-16 00:00:00.000000,2019-01-16 09:00:00.000000,4034000.00000000,4100000.00000000,4014000.00000000,4052000.00000000,1547683198763,22826801255.10307000,5635.84626852,4034000.00000000,18000.00000000,0.00446207
2019-01-17 00:00:00.000000,2019-01-17 09:00:00.000000,4052000.00000000,4088000.00000000,4002000.00000000,4075000.00000000,1547769599310,23191974158.36697000,5735.32175195,4052000.00000000,23000.00000000,0.00567621
2019-01-18 00:00:00.000000,2019-01-18 09:00:00.000000,4075000.00000000,4080000.00000000,4022000.00000000,4046000.00000000,1547855995571,18090172100.93611000,4470.59388512,4075000.00000000,-29000.00000000,-0.00711656
2019-01-19 00:00:00.000000,2019-01-19 09:00:00.000000,4048000.00000000,4188000.00000000,4040000.00000000,4115000.00000000,1547942398596,17700041108.15115000,4320.72451794,4046000.00000000,69000.00000000,0.01705388
2019-01-20 00:00:00.000000,2019-01-20 09:00:00.000000,4115000.00000000,4135000.00000000,3913000.00000000,3984000.00000000,1548028799627,18700994621.40335000,4635.17392144,4115000.00000000,-131000.00000000,-0.03183475
2019-01-21 00:00:00.000000,2019-01-21 09:00:00.000000,3985000.00000000,4001000.00000000,3937000.00000000,3973000.00000000,1548115200056,18825781824.69013000,4739.10320572,3984000.00000000,-11000.00000000,-0.00276104
2019-01-22 00:00:00.000000,2019-01-22 09:00:00.000000,3973000.00000000,4045000.00000000,3886000.00000000,4013000.00000000,1548201593200,25320116140.98014000,6366.15180580,3973000.00000000,40000.00000000,0.01006796
2019-01-23 00:00:00.000000,2019-01-23 09:00:00.000000,4013000.00000000,4029000.00000000,3973000.00000000,3996000.00000000,1548287999148,17597685481.14387000,4397.65303735,4013000.00000000,-17000.00000000,-0.00423623
2019-01-24 00:00:00.000000,2019-01-24 09:00:00.000000,3997000.00000000,4000000.00000000,3941000.00000000,3983000.00000000,1548374392481,17515207475.08745000,4413.84065077,3996000.00000000,-13000.00000000,-0.00325325
2019-01-25 00:00:00.000000,2019-01-25 09:00:00.000000,3982000.00000000,3994000.00000000,3911000.00000000,3957000.00000000,1548460799618,18140518929.97525000,4594.53577314,3983000.00000000,-26000.00000000,-0.00652774
2019-01-26 00:00:00.000000,2019-01-26 09:00:00.000000,3957000.00000000,4039000.00000000,3934000.00000000,3963000.00000000,1548547199898,14985339129.64440000,3770.71441776,3957000.00000000,6000.00000000,0.00151630
2019-01-27 00:00:00.000000,2019-01-27 09:00:00.000000,3963000.00000000,3975000.00000000,3900000.00000000,3951000.00000000,1548633577934,11377067405.06837000,2879.05223312,3963000.00000000,-12000.00000000,-0.00302801
2019-01-28 00:00:00.000000,2019-01-28 09:00:00.000000,3950000.00000000,3952000.00000000,3775000.00000000,3828000.00000000,1548719966796,22304580301.43486000,5807.39699502,3951000.00000000,-123000.00000000,-0.03113136
2019-01-29 00:00:00.000000,2019-01-29 09:00:00.000000,3828000.00000000,3841000.00000000,3730000.00000000,3795000.00000000,1548806384158,15283094613.08661000,4037.59055870,3828000.00000000,-33000.00000000,-0.00862069
2019-01-30 00:00:00.000000,2019-01-30 09:00:00.000000,3796000.00000000,3855000.00000000,3769000.00000000,3810000.00000000,1548892799854,29038484073.73204000,7619.50824424,3795000.00000000,15000.00000000,0.00395257
2019-01-31 00:00:00.000000,2019-01-31 09:00:00.000000,3810000.00000000,3845000.00000000,3752000.00000000,3775000.00000000,1548979197516,22400435614.53945000,5907.05089757,3810000.00000000,-35000.00000000,-0.00918635
2019-02-01 00:00:00.000000,2019-02-01 09:00:00.000000,3775000.00000000,3825000.00000000,3735000.00000000,3816000.00000000,1549065599335,13357206471.55473000,3535.66565154,3775000.00000000,41000.00000000,0.01086093
2019-02-02 00:00:00.000000,2019-02-02 09:00:00.000000,3816000.00000000,3870000.00000000,3796000.00000000,3855000.00000000,1549151992859,8354523949.34950000,2189.96461132,3816000.00000000,39000.00000000,0.01022013
2019-02-03 00:00:00.000000,2019-02-03 09:00:00.000000,3853000.00000000,3861000.00000000,3794000.00000000,3821000.00000000,1549238363342,7982336758.72265000,2089.51667463,3855000.00000000,-34000.00000000,-0.00881971
2019-02-04 00:00:00.000000,2019-02-04 09:00:00.000000,3821000.00000000,3849000.00000000,3792000.00000000,3822000.00000000,1549324798872,10894599223.77978000,2847.99607841,3821000.00000000,1000.00000000,0.00026171
2019-02-05 00:00:00.000000,2019-02-05 09:00:00.000000,3822000.00000000,3845000.00000000,3814000.00000000,3835000.00000000,1549411199320,13549201597.04031000,3536.64920363,3822000.00000000,13000.00000000,0.00340136
2019-02-06 00:00:00.000000,2019-02-06 09:00:00.000000,3835000.00000000,3844000.00000000,3756000.00000000,3791000.00000000,1549497599555,17306495865.91493000,4564.88792233,3835000.00000000,-44000.00000000,-0.01147327
2019-02-07 00:00:00.000000,2019-02-07 09:00:00.000000,3791000.00000000,3800000.00000000,3776000.00000000,3783000.00000000,1549583999281,17538962572.03534000,4630.81677589,3791000.00000000,-8000.00000000,-0.00211026
2019-02-08 00:00:00.000000,2019-02-08 09:00:00.000000,3783000.00000000,4075000.00000000,3768000.00000000,4009000.00000000,1549670399984,33718485512.13377000,8694.60592483,3783000.00000000,226000.00000000,0.05974095
2019-02-09 00:00:00.000000,2019-02-09 09:00:00.000000,4007000.00000000,4038000.00000000,3968000.00000000,3998000.00000000,1549756799312,16392143507.56707000,4099.33222543,4009000.00000000,-11000.00000000,-0.00274383
2019-02-10 00:00:00.000000,2019-02-10 09:00:00.000000,3997000.00000000,4030000.00000000,3937000.00000000,4023000.00000000,1549843196423,19360278162.42653000,4852.85159907,3998000.00000000,25000.00000000,0.00625313
2019-02-11 00:00:00.000000,2019-02-11 09:00:00.000000,4023000.00000000,4035000.00000000,3962000.00000000,3986000.00000000,1549929599624,14716578441.15567000,3690.35442515,4023000.00000000,-37000.00000000,-0.00919712
2019-02-12 00:00:00.000000,2019-02-12 09:00:00.000000,3986000.00000000,4020000.00000000,3957000.00000000,3981000.00000000,1550015978689,15617366229.40254000,3922.74039034,3986000.00000000,-5000.00000000,-0.00125439
2019-02-13 00:00:00.000000,2019-02-13 09:00:00.000000,3980000.00000000,4017000.00000000,3962000.00000000,3983000.00000000,1550102398357,14645352763.34063000,3675.48976826,3981000.00000000,2000.00000000,0.00050239
2019-02-14 00:00:00.000000,2019-02-14 09:00:00.000000,3983000.00000000,3992000.00000000,3967000.00000000,3984000.00000000,1550188797041,11221918185.76723000,2817.99053119,3983000.00000000,1000.00000000,0.00025107
2019-02-15 00:00:00.000000,2019-02-15 09:00:00.000000,3983000.00000000,4039000.00000000,3979000.00000000,3986000.00000000,1550275199744,16776642969.37476000,4199.89299262,3984000.00000000,2000.00000000,0.00050201
2019-02-16 00:00:00.000000,2019-02-16 09:00:00.000000,3983000.00000000,4030000.00000000,3982000.00000000,4002000.00000000,1550361597158,19784605484.33983000,4941.13288261,3986000.00000000,16000.00000000,0.00401405
2019-02-17 00:00:00.000000,2019-02-17 09:00:00.000000,4002000.00000000,4094000.00000000,3986000.00000000,4040000.00000000,1550447998755,25958034938.27571000,6462.47621724,4002000.00000000,38000.00000000,0.00949525
2019-02-18 00:00:00.000000,2019-02-18 09:00:00.000000,4040000.00000000,4260000.00000000,4027000.00000000,4236000.00000000,1550534399359,40909656713.03983000,9883.41843537,4040000.00000000,196000.00000000,0.04851485
2019-02-19 00:00:00.000000,2019-02-19 09:00:00.000000,4236000.00000000,4338000.00000000,4150000.00000000,4259000.00000000,1550620799376,39212341501.56375000,9217.25757906,4236000.00000000,23000.00000000,0.00542965
2019-02-20 00:00:00.000000,2019-02-20 09:00:00.000000,4259000.00000000,4333000.00000000,4219000.00000000,4315000.00000000,1550707190319,21687354260.85121000,5067.51108128,4259000.00000000,56000.00000000,0.01314863
2019-02-21 00:00:00.000000,2019-02-21 09:00:00.000000,4315000.00000000,4398000.00000000,4291000.00000000,4328000.00000000,1550793595888,33107106122.26572000,7641.80816629,4315000.00000000,13000.00000000,0.00301275
2019-02-22 00:00:00.000000,2019-02-22 09:00:00.000000,4327000.00000000,4369000.00000000,4319000.00000000,4346000.00000000,1550879996334,17510528618.74552000,4028.81050111,4328000.00000000,18000.00000000,0.00415896
2019-02-23 00:00:00.000000,2019-02-23 09:00:00.000000,4344000.00000000,4494000.00000000,4319000.00000000,4479000.00000000,1550966399700,21730796181.66509000,4954.50746453,4346000.00000000,133000.00000000,0.03060285
2019-02-24 00:00:00.000000,2019-02-24 09:00:00.000000,4479000.00000000,4554000.00000000,4165000.00000000,4178000.00000000,1551052798490,47062182613.55633000,10822.98110481,4479000.00000000,-301000.00000000,-0.06720250
2019-02-25 00:00:00.000000,2019-02-25 09:00:00.000000,4178000.00000000,4265000.00000000,4177000.00000000,4255000.00000000,1551139196986,30222231652.80479000,7140.02952849,4178000.00000000,77000.00000000,0.01842987

